<ticker>,<date>,<time>,<close>
banknifty_option_contract,2/2/2022,9:15:00,143.4
banknifty_option_contract,2/2/2022,9:16:00,139.95
banknifty_option_contract,2/2/2022,9:17:00,161.3
banknifty_option_contract,2/2/2022,9:18:00,157
banknifty_option_contract,2/2/2022,9:19:00,151.1
banknifty_option_contract,2/2/2022,9:20:00,158.8
banknifty_option_contract,2/2/2022,9:21:00,152.55
banknifty_option_contract,2/2/2022,9:22:00,141.2
banknifty_option_contract,2/2/2022,9:23:00,134.3
banknifty_option_contract,2/2/2022,9:24:00,150.7
banknifty_option_contract,2/2/2022,9:25:00,161.35
banknifty_option_contract,2/2/2022,9:26:00,170.65
banknifty_option_contract,2/2/2022,9:27:00,177.35
banknifty_option_contract,2/2/2022,9:28:00,171.75
banknifty_option_contract,2/2/2022,9:29:00,170.75
banknifty_option_contract,2/2/2022,9:30:00,168.5
banknifty_option_contract,2/2/2022,9:31:00,152.25
banknifty_option_contract,2/2/2022,9:32:00,147.25
banknifty_option_contract,2/2/2022,9:33:00,151.15
banknifty_option_contract,2/2/2022,9:34:00,131.75
banknifty_option_contract,2/2/2022,9:35:00,136.25
banknifty_option_contract,2/2/2022,9:36:00,130.95
banknifty_option_contract,2/2/2022,9:37:00,130.85
banknifty_option_contract,2/2/2022,9:38:00,129.25
banknifty_option_contract,2/2/2022,9:39:00,130.8
banknifty_option_contract,2/2/2022,9:40:00,133.2
banknifty_option_contract,2/2/2022,9:41:00,135.95
banknifty_option_contract,2/2/2022,9:42:00,145.5
banknifty_option_contract,2/2/2022,9:43:00,138.7
banknifty_option_contract,2/2/2022,9:44:00,136.65
banknifty_option_contract,2/2/2022,9:45:00,136.55
banknifty_option_contract,2/2/2022,9:46:00,143.65
banknifty_option_contract,2/2/2022,9:47:00,139.5
banknifty_option_contract,2/2/2022,9:48:00,136.3
banknifty_option_contract,2/2/2022,9:49:00,136.65
banknifty_option_contract,2/2/2022,9:50:00,138.6
banknifty_option_contract,2/2/2022,9:51:00,138.7
banknifty_option_contract,2/2/2022,9:52:00,135.4
banknifty_option_contract,2/2/2022,9:53:00,133.9
banknifty_option_contract,2/2/2022,9:54:00,130
banknifty_option_contract,2/2/2022,9:55:00,125.75
banknifty_option_contract,2/2/2022,9:56:00,131
banknifty_option_contract,2/2/2022,9:57:00,126.55
banknifty_option_contract,2/2/2022,9:58:00,122.55
banknifty_option_contract,2/2/2022,9:59:00,120.3
banknifty_option_contract,2/2/2022,10:00:00,135.65
banknifty_option_contract,2/2/2022,10:01:00,149.15
banknifty_option_contract,2/2/2022,10:02:00,148.4
banknifty_option_contract,2/2/2022,10:03:00,159.95
banknifty_option_contract,2/2/2022,10:04:00,159.05
banknifty_option_contract,2/2/2022,10:05:00,166.55
banknifty_option_contract,2/2/2022,10:06:00,163.45
banknifty_option_contract,2/2/2022,10:07:00,160.45
banknifty_option_contract,2/2/2022,10:08:00,162.5
banknifty_option_contract,2/2/2022,10:09:00,168
banknifty_option_contract,2/2/2022,10:10:00,173.1
banknifty_option_contract,2/2/2022,10:11:00,168.05
banknifty_option_contract,2/2/2022,10:12:00,161.85
banknifty_option_contract,2/2/2022,10:13:00,162.5
banknifty_option_contract,2/2/2022,10:14:00,162.15
banknifty_option_contract,2/2/2022,10:15:00,152.7
banknifty_option_contract,2/2/2022,10:16:00,146.6
banknifty_option_contract,2/2/2022,10:17:00,148.2
banknifty_option_contract,2/2/2022,10:18:00,158.2
banknifty_option_contract,2/2/2022,10:19:00,167.6
banknifty_option_contract,2/2/2022,10:20:00,166.35
banknifty_option_contract,2/2/2022,10:21:00,164.6
banknifty_option_contract,2/2/2022,10:22:00,164.1
banknifty_option_contract,2/2/2022,10:23:00,160.6
banknifty_option_contract,2/2/2022,10:24:00,160.3
banknifty_option_contract,2/2/2022,10:25:00,155.1
banknifty_option_contract,2/2/2022,10:26:00,150
banknifty_option_contract,2/2/2022,10:27:00,155.8
banknifty_option_contract,2/2/2022,10:28:00,157.35
banknifty_option_contract,2/2/2022,10:29:00,157.5
banknifty_option_contract,2/2/2022,10:30:00,155.1
banknifty_option_contract,2/2/2022,10:31:00,159.7
banknifty_option_contract,2/2/2022,10:32:00,155.8
banknifty_option_contract,2/2/2022,10:33:00,154.6
banknifty_option_contract,2/2/2022,10:34:00,153.1
banknifty_option_contract,2/2/2022,10:35:00,143.95
banknifty_option_contract,2/2/2022,10:36:00,143
banknifty_option_contract,2/2/2022,10:37:00,131.35
banknifty_option_contract,2/2/2022,10:38:00,116.95
banknifty_option_contract,2/2/2022,10:39:00,107.8
banknifty_option_contract,2/2/2022,10:40:00,119.3
banknifty_option_contract,2/2/2022,10:41:00,115.95
banknifty_option_contract,2/2/2022,10:42:00,122.65
banknifty_option_contract,2/2/2022,10:43:00,124.75
banknifty_option_contract,2/2/2022,10:44:00,120.8
banknifty_option_contract,2/2/2022,10:45:00,122.1
banknifty_option_contract,2/2/2022,10:46:00,126.4
banknifty_option_contract,2/2/2022,10:47:00,125.55
banknifty_option_contract,2/2/2022,10:48:00,119.65
banknifty_option_contract,2/2/2022,10:49:00,120.5
banknifty_option_contract,2/2/2022,10:50:00,123.1
banknifty_option_contract,2/2/2022,10:51:00,124.9
banknifty_option_contract,2/2/2022,10:52:00,123.35
banknifty_option_contract,2/2/2022,10:53:00,119.5
banknifty_option_contract,2/2/2022,10:54:00,120.2
banknifty_option_contract,2/2/2022,10:55:00,120.95
banknifty_option_contract,2/2/2022,10:56:00,126.4
banknifty_option_contract,2/2/2022,10:57:00,130.6
banknifty_option_contract,2/2/2022,10:58:00,134.15
banknifty_option_contract,2/2/2022,10:59:00,131.9
banknifty_option_contract,2/2/2022,11:00:00,130.2
banknifty_option_contract,2/2/2022,11:01:00,128.05
banknifty_option_contract,2/2/2022,11:02:00,132.1
banknifty_option_contract,2/2/2022,11:03:00,138.45
banknifty_option_contract,2/2/2022,11:04:00,139
banknifty_option_contract,2/2/2022,11:05:00,141.15
banknifty_option_contract,2/2/2022,11:06:00,134
banknifty_option_contract,2/2/2022,11:07:00,135
banknifty_option_contract,2/2/2022,11:08:00,140.15
banknifty_option_contract,2/2/2022,11:09:00,149.8
banknifty_option_contract,2/2/2022,11:10:00,145.1
banknifty_option_contract,2/2/2022,11:11:00,144.75
banknifty_option_contract,2/2/2022,11:12:00,139.6
banknifty_option_contract,2/2/2022,11:13:00,138.45
banknifty_option_contract,2/2/2022,11:14:00,140.45
banknifty_option_contract,2/2/2022,11:15:00,141.15
banknifty_option_contract,2/2/2022,11:16:00,133.2
banknifty_option_contract,2/2/2022,11:17:00,133.25
banknifty_option_contract,2/2/2022,11:18:00,129.3
banknifty_option_contract,2/2/2022,11:19:00,125.8
banknifty_option_contract,2/2/2022,11:20:00,124.3
banknifty_option_contract,2/2/2022,11:21:00,124.3
banknifty_option_contract,2/2/2022,11:22:00,126
banknifty_option_contract,2/2/2022,11:23:00,133.35
banknifty_option_contract,2/2/2022,11:24:00,136.05
banknifty_option_contract,2/2/2022,11:25:00,138.15
banknifty_option_contract,2/2/2022,11:26:00,135.45
banknifty_option_contract,2/2/2022,11:27:00,136.65
banknifty_option_contract,2/2/2022,11:28:00,135.7
banknifty_option_contract,2/2/2022,11:29:00,134.25
banknifty_option_contract,2/2/2022,11:30:00,135.45
banknifty_option_contract,2/2/2022,11:31:00,144.35
banknifty_option_contract,2/2/2022,11:32:00,143
banknifty_option_contract,2/2/2022,11:33:00,139.1
banknifty_option_contract,2/2/2022,11:34:00,139.95
banknifty_option_contract,2/2/2022,11:35:00,140.25
banknifty_option_contract,2/2/2022,11:36:00,144.2
banknifty_option_contract,2/2/2022,11:37:00,142.9
banknifty_option_contract,2/2/2022,11:38:00,136.5
banknifty_option_contract,2/2/2022,11:39:00,140.5
banknifty_option_contract,2/2/2022,11:40:00,140.2
banknifty_option_contract,2/2/2022,11:41:00,144.05
banknifty_option_contract,2/2/2022,11:42:00,143.35
banknifty_option_contract,2/2/2022,11:43:00,145.5
banknifty_option_contract,2/2/2022,11:44:00,146.1
banknifty_option_contract,2/2/2022,11:45:00,162.25
banknifty_option_contract,2/2/2022,11:46:00,158.8
banknifty_option_contract,2/2/2022,11:47:00,167.2
banknifty_option_contract,2/2/2022,11:48:00,168.45
banknifty_option_contract,2/2/2022,11:49:00,170.9
banknifty_option_contract,2/2/2022,11:50:00,170.8
banknifty_option_contract,2/2/2022,11:51:00,173.8
banknifty_option_contract,2/2/2022,11:52:00,175.4
banknifty_option_contract,2/2/2022,11:53:00,174.5
banknifty_option_contract,2/2/2022,11:54:00,176.3
banknifty_option_contract,2/2/2022,11:55:00,176.2
banknifty_option_contract,2/2/2022,11:56:00,171
banknifty_option_contract,2/2/2022,11:57:00,170.6
banknifty_option_contract,2/2/2022,11:58:00,174.55
banknifty_option_contract,2/2/2022,11:59:00,175.1
banknifty_option_contract,2/2/2022,12:00:00,178.15
banknifty_option_contract,2/2/2022,12:01:00,174.85
banknifty_option_contract,2/2/2022,12:02:00,163.85
banknifty_option_contract,2/2/2022,12:03:00,159.8
banknifty_option_contract,2/2/2022,12:04:00,163.15
banknifty_option_contract,2/2/2022,12:05:00,169.2
banknifty_option_contract,2/2/2022,12:06:00,173.4
banknifty_option_contract,2/2/2022,12:07:00,171
banknifty_option_contract,2/2/2022,12:08:00,174.5
banknifty_option_contract,2/2/2022,12:09:00,184.4
banknifty_option_contract,2/2/2022,12:10:00,185.2
banknifty_option_contract,2/2/2022,12:11:00,176
banknifty_option_contract,2/2/2022,12:12:00,167.5
banknifty_option_contract,2/2/2022,12:13:00,165.05
banknifty_option_contract,2/2/2022,12:14:00,157.05
banknifty_option_contract,2/2/2022,12:15:00,156.6
banknifty_option_contract,2/2/2022,12:16:00,166.5
banknifty_option_contract,2/2/2022,12:17:00,174.45
banknifty_option_contract,2/2/2022,12:18:00,183.8
banknifty_option_contract,2/2/2022,12:19:00,184.3
banknifty_option_contract,2/2/2022,12:20:00,178
banknifty_option_contract,2/2/2022,12:21:00,183.35
banknifty_option_contract,2/2/2022,12:22:00,172.85
banknifty_option_contract,2/2/2022,12:23:00,172.75
banknifty_option_contract,2/2/2022,12:24:00,169.75
banknifty_option_contract,2/2/2022,12:25:00,166.1
banknifty_option_contract,2/2/2022,12:26:00,159.85
banknifty_option_contract,2/2/2022,12:27:00,159.1
banknifty_option_contract,2/2/2022,12:28:00,166
banknifty_option_contract,2/2/2022,12:29:00,166.4
banknifty_option_contract,2/2/2022,12:30:00,167.75
banknifty_option_contract,2/2/2022,12:31:00,166.15
banknifty_option_contract,2/2/2022,12:32:00,153.95
banknifty_option_contract,2/2/2022,12:33:00,161.05
banknifty_option_contract,2/2/2022,12:34:00,155.05
banknifty_option_contract,2/2/2022,12:35:00,160.65
banknifty_option_contract,2/2/2022,12:36:00,160.75
banknifty_option_contract,2/2/2022,12:37:00,159.15
banknifty_option_contract,2/2/2022,12:38:00,155.35
banknifty_option_contract,2/2/2022,12:39:00,156.55
banknifty_option_contract,2/2/2022,12:40:00,158.5
banknifty_option_contract,2/2/2022,12:41:00,164.15
banknifty_option_contract,2/2/2022,12:42:00,165.3
banknifty_option_contract,2/2/2022,12:43:00,166.25
banknifty_option_contract,2/2/2022,12:44:00,165.85
banknifty_option_contract,2/2/2022,12:45:00,162.75
banknifty_option_contract,2/2/2022,12:46:00,160.15
banknifty_option_contract,2/2/2022,12:47:00,163.3
banknifty_option_contract,2/2/2022,12:48:00,166.8
banknifty_option_contract,2/2/2022,12:49:00,166.3
banknifty_option_contract,2/2/2022,12:50:00,164.7
banknifty_option_contract,2/2/2022,12:51:00,162.65
banknifty_option_contract,2/2/2022,12:52:00,156.35
banknifty_option_contract,2/2/2022,12:53:00,159.7
banknifty_option_contract,2/2/2022,12:54:00,159.1
banknifty_option_contract,2/2/2022,12:55:00,153.2
banknifty_option_contract,2/2/2022,12:56:00,148.8
banknifty_option_contract,2/2/2022,12:57:00,148.55
banknifty_option_contract,2/2/2022,12:58:00,148
banknifty_option_contract,2/2/2022,12:59:00,144.6
banknifty_option_contract,2/2/2022,13:00:00,149.05
banknifty_option_contract,2/2/2022,13:01:00,150.2
banknifty_option_contract,2/2/2022,13:02:00,152.9
banknifty_option_contract,2/2/2022,13:03:00,151.6
banknifty_option_contract,2/2/2022,13:04:00,148.95
banknifty_option_contract,2/2/2022,13:05:00,148.25
banknifty_option_contract,2/2/2022,13:06:00,147.15
banknifty_option_contract,2/2/2022,13:07:00,133.1
banknifty_option_contract,2/2/2022,13:08:00,138.4
banknifty_option_contract,2/2/2022,13:09:00,141
banknifty_option_contract,2/2/2022,13:10:00,144.85
banknifty_option_contract,2/2/2022,13:11:00,144.35
banknifty_option_contract,2/2/2022,13:12:00,142.4
banknifty_option_contract,2/2/2022,13:13:00,141
banknifty_option_contract,2/2/2022,13:14:00,141.2
banknifty_option_contract,2/2/2022,13:15:00,133.75
banknifty_option_contract,2/2/2022,13:16:00,142
banknifty_option_contract,2/2/2022,13:17:00,146.3
banknifty_option_contract,2/2/2022,13:18:00,149.65
banknifty_option_contract,2/2/2022,13:19:00,152.3
banknifty_option_contract,2/2/2022,13:20:00,162.9
banknifty_option_contract,2/2/2022,13:21:00,160.85
banknifty_option_contract,2/2/2022,13:22:00,158.45
banknifty_option_contract,2/2/2022,13:23:00,155.15
banknifty_option_contract,2/2/2022,13:24:00,147.6
banknifty_option_contract,2/2/2022,13:25:00,147.1
banknifty_option_contract,2/2/2022,13:26:00,146.45
banknifty_option_contract,2/2/2022,13:27:00,145
banknifty_option_contract,2/2/2022,13:28:00,143.65
banknifty_option_contract,2/2/2022,13:29:00,141.25
banknifty_option_contract,2/2/2022,13:30:00,134.05
banknifty_option_contract,2/2/2022,13:31:00,147.85
banknifty_option_contract,2/2/2022,13:32:00,154.9
banknifty_option_contract,2/2/2022,13:33:00,139.6
banknifty_option_contract,2/2/2022,13:34:00,140.75
banknifty_option_contract,2/2/2022,13:35:00,141.3
banknifty_option_contract,2/2/2022,13:36:00,140.9
banknifty_option_contract,2/2/2022,13:37:00,139.65
banknifty_option_contract,2/2/2022,13:38:00,142
banknifty_option_contract,2/2/2022,13:39:00,139.4
banknifty_option_contract,2/2/2022,13:40:00,142.05
banknifty_option_contract,2/2/2022,13:41:00,143.65
banknifty_option_contract,2/2/2022,13:42:00,139.95
banknifty_option_contract,2/2/2022,13:43:00,138.75
banknifty_option_contract,2/2/2022,13:44:00,144
banknifty_option_contract,2/2/2022,13:45:00,144.4
banknifty_option_contract,2/2/2022,13:46:00,142.55
banknifty_option_contract,2/2/2022,13:47:00,140.6
banknifty_option_contract,2/2/2022,13:48:00,141.4
banknifty_option_contract,2/2/2022,13:49:00,142.65
banknifty_option_contract,2/2/2022,13:50:00,145.7
banknifty_option_contract,2/2/2022,13:51:00,141.55
banknifty_option_contract,2/2/2022,13:52:00,124.9
banknifty_option_contract,2/2/2022,13:53:00,125.85
banknifty_option_contract,2/2/2022,13:54:00,125.1
banknifty_option_contract,2/2/2022,13:55:00,133
banknifty_option_contract,2/2/2022,13:56:00,131.2
banknifty_option_contract,2/2/2022,13:57:00,129.3
banknifty_option_contract,2/2/2022,13:58:00,128.15
banknifty_option_contract,2/2/2022,13:59:00,130.1
banknifty_option_contract,2/2/2022,14:00:00,132.6
banknifty_option_contract,2/2/2022,14:01:00,141.15
banknifty_option_contract,2/2/2022,14:02:00,141
banknifty_option_contract,2/2/2022,14:03:00,141.85
banknifty_option_contract,2/2/2022,14:04:00,136
banknifty_option_contract,2/2/2022,14:05:00,138.3
banknifty_option_contract,2/2/2022,14:06:00,135.15
banknifty_option_contract,2/2/2022,14:07:00,134.8
banknifty_option_contract,2/2/2022,14:08:00,135.95
banknifty_option_contract,2/2/2022,14:09:00,113.5
banknifty_option_contract,2/2/2022,14:10:00,114.6
banknifty_option_contract,2/2/2022,14:11:00,126.55
banknifty_option_contract,2/2/2022,14:12:00,136.1
banknifty_option_contract,2/2/2022,14:13:00,163.45
banknifty_option_contract,2/2/2022,14:14:00,167.35
banknifty_option_contract,2/2/2022,14:15:00,171.3
banknifty_option_contract,2/2/2022,14:16:00,160.3
banknifty_option_contract,2/2/2022,14:17:00,154.6
banknifty_option_contract,2/2/2022,14:18:00,155.55
banknifty_option_contract,2/2/2022,14:19:00,152.65
banknifty_option_contract,2/2/2022,14:20:00,155.35
banknifty_option_contract,2/2/2022,14:21:00,152.35
banknifty_option_contract,2/2/2022,14:22:00,150.05
banknifty_option_contract,2/2/2022,14:23:00,152.45
banknifty_option_contract,2/2/2022,14:24:00,153.3
banknifty_option_contract,2/2/2022,14:25:00,155
banknifty_option_contract,2/2/2022,14:26:00,156.4
banknifty_option_contract,2/2/2022,14:27:00,165.05
banknifty_option_contract,2/2/2022,14:28:00,172.25
banknifty_option_contract,2/2/2022,14:29:00,184.4
banknifty_option_contract,2/2/2022,14:30:00,166.6
banknifty_option_contract,2/2/2022,14:31:00,171
banknifty_option_contract,2/2/2022,14:32:00,179.6
banknifty_option_contract,2/2/2022,14:33:00,177.8
banknifty_option_contract,2/2/2022,14:34:00,199.45
banknifty_option_contract,2/2/2022,14:35:00,193.3
banknifty_option_contract,2/2/2022,14:36:00,210
banknifty_option_contract,2/2/2022,14:37:00,205.8
banknifty_option_contract,2/2/2022,14:38:00,205.2
banknifty_option_contract,2/2/2022,14:39:00,207.05
banknifty_option_contract,2/2/2022,14:40:00,202.15
banknifty_option_contract,2/2/2022,14:41:00,207.1
banknifty_option_contract,2/2/2022,14:42:00,204.6
banknifty_option_contract,2/2/2022,14:43:00,191.75
banknifty_option_contract,2/2/2022,14:44:00,193.3
banknifty_option_contract,2/2/2022,14:45:00,205
banknifty_option_contract,2/2/2022,14:46:00,208.1
banknifty_option_contract,2/2/2022,14:47:00,203.85
banknifty_option_contract,2/2/2022,14:48:00,194.65
banknifty_option_contract,2/2/2022,14:49:00,188.65
banknifty_option_contract,2/2/2022,14:50:00,193.4
banknifty_option_contract,2/2/2022,14:51:00,190.35
banknifty_option_contract,2/2/2022,14:52:00,187.25
banknifty_option_contract,2/2/2022,14:53:00,190.15
banknifty_option_contract,2/2/2022,14:54:00,190
banknifty_option_contract,2/2/2022,14:55:00,194.1
banknifty_option_contract,2/2/2022,14:56:00,193.75
banknifty_option_contract,2/2/2022,14:57:00,188
banknifty_option_contract,2/2/2022,14:58:00,187
banknifty_option_contract,2/2/2022,14:59:00,185.55
banknifty_option_contract,2/2/2022,15:00:00,188
banknifty_option_contract,2/2/2022,15:01:00,183.6
banknifty_option_contract,2/2/2022,15:02:00,181
banknifty_option_contract,2/2/2022,15:03:00,174.25
banknifty_option_contract,2/2/2022,15:04:00,179
banknifty_option_contract,2/2/2022,15:05:00,183
banknifty_option_contract,2/2/2022,15:06:00,189.45
banknifty_option_contract,2/2/2022,15:07:00,190.45
banknifty_option_contract,2/2/2022,15:08:00,177.6
banknifty_option_contract,2/2/2022,15:09:00,185.25
banknifty_option_contract,2/2/2022,15:10:00,184.2
banknifty_option_contract,2/2/2022,15:11:00,182.3
banknifty_option_contract,2/2/2022,15:12:00,181.15
banknifty_option_contract,2/2/2022,15:13:00,182.3
banknifty_option_contract,2/2/2022,15:14:00,189.15
banknifty_option_contract,2/2/2022,15:15:00,184.65
banknifty_option_contract,2/2/2022,15:16:00,180.3
banknifty_option_contract,2/2/2022,15:17:00,179.5
banknifty_option_contract,2/2/2022,15:18:00,183.4
banknifty_option_contract,2/2/2022,15:19:00,188.2
banknifty_option_contract,2/2/2022,15:20:00,184.8
banknifty_option_contract,2/2/2022,15:21:00,183
banknifty_option_contract,2/2/2022,15:22:00,177.5
banknifty_option_contract,2/2/2022,15:23:00,177.8
banknifty_option_contract,2/2/2022,15:24:00,182.35
banknifty_option_contract,2/2/2022,15:25:00,186.6
banknifty_option_contract,2/2/2022,15:26:00,189
banknifty_option_contract,2/2/2022,15:27:00,187.25
banknifty_option_contract,2/2/2022,15:28:00,186.25
banknifty_option_contract,2/2/2022,15:29:00,190
banknifty_option_contract,2/2/2022,15:30:00,187.55
banknifty_option_contract,3/2/2022,9:15:00,459.45
banknifty_option_contract,3/2/2022,9:16:00,455.2
banknifty_option_contract,3/2/2022,9:17:00,416.8
banknifty_option_contract,3/2/2022,9:18:00,435.6
banknifty_option_contract,3/2/2022,9:19:00,452.5
banknifty_option_contract,3/2/2022,9:20:00,451
banknifty_option_contract,3/2/2022,9:21:00,427
banknifty_option_contract,3/2/2022,9:22:00,425.7
banknifty_option_contract,3/2/2022,9:23:00,439.75
banknifty_option_contract,3/2/2022,9:24:00,435.6
banknifty_option_contract,3/2/2022,9:25:00,422.75
banknifty_option_contract,3/2/2022,9:26:00,422.9
banknifty_option_contract,3/2/2022,9:27:00,415.45
banknifty_option_contract,3/2/2022,9:28:00,420
banknifty_option_contract,3/2/2022,9:29:00,411.25
banknifty_option_contract,3/2/2022,9:30:00,390.9
banknifty_option_contract,3/2/2022,9:31:00,398
banknifty_option_contract,3/2/2022,9:32:00,388.75
banknifty_option_contract,3/2/2022,9:33:00,391.45
banknifty_option_contract,3/2/2022,9:34:00,388.6
banknifty_option_contract,3/2/2022,9:35:00,390
banknifty_option_contract,3/2/2022,9:36:00,379
banknifty_option_contract,3/2/2022,9:37:00,383.3
banknifty_option_contract,3/2/2022,9:38:00,377.3
banknifty_option_contract,3/2/2022,9:39:00,380
banknifty_option_contract,3/2/2022,9:40:00,392.1
banknifty_option_contract,3/2/2022,9:41:00,406
banknifty_option_contract,3/2/2022,9:42:00,406.05
banknifty_option_contract,3/2/2022,9:43:00,400.25
banknifty_option_contract,3/2/2022,9:44:00,392.1
banknifty_option_contract,3/2/2022,9:45:00,381
banknifty_option_contract,3/2/2022,9:46:00,374.65
banknifty_option_contract,3/2/2022,9:47:00,372.2
banknifty_option_contract,3/2/2022,9:48:00,373.9
banknifty_option_contract,3/2/2022,9:49:00,375.2
banknifty_option_contract,3/2/2022,9:50:00,367.85
banknifty_option_contract,3/2/2022,9:51:00,370.3
banknifty_option_contract,3/2/2022,9:52:00,377.65
banknifty_option_contract,3/2/2022,9:53:00,385.85
banknifty_option_contract,3/2/2022,9:54:00,385.35
banknifty_option_contract,3/2/2022,9:55:00,393.05
banknifty_option_contract,3/2/2022,9:56:00,396.45
banknifty_option_contract,3/2/2022,9:57:00,394
banknifty_option_contract,3/2/2022,9:58:00,401.3
banknifty_option_contract,3/2/2022,9:59:00,399.5
banknifty_option_contract,3/2/2022,10:00:00,391.55
banknifty_option_contract,3/2/2022,10:01:00,396.5
banknifty_option_contract,3/2/2022,10:02:00,395.2
banknifty_option_contract,3/2/2022,10:03:00,395
banknifty_option_contract,3/2/2022,10:04:00,401.05
banknifty_option_contract,3/2/2022,10:05:00,389.15
banknifty_option_contract,3/2/2022,10:06:00,380.7
banknifty_option_contract,3/2/2022,10:07:00,382.8
banknifty_option_contract,3/2/2022,10:08:00,382
banknifty_option_contract,3/2/2022,10:09:00,370
banknifty_option_contract,3/2/2022,10:10:00,364.15
banknifty_option_contract,3/2/2022,10:11:00,366.8
banknifty_option_contract,3/2/2022,10:12:00,371.2
banknifty_option_contract,3/2/2022,10:13:00,371.3
banknifty_option_contract,3/2/2022,10:14:00,368
banknifty_option_contract,3/2/2022,10:15:00,364.35
banknifty_option_contract,3/2/2022,10:16:00,362.45
banknifty_option_contract,3/2/2022,10:17:00,364.15
banknifty_option_contract,3/2/2022,10:18:00,357.3
banknifty_option_contract,3/2/2022,10:19:00,357.2
banknifty_option_contract,3/2/2022,10:20:00,366
banknifty_option_contract,3/2/2022,10:21:00,369.1
banknifty_option_contract,3/2/2022,10:22:00,363.05
banknifty_option_contract,3/2/2022,10:23:00,363.2
banknifty_option_contract,3/2/2022,10:24:00,365.85
banknifty_option_contract,3/2/2022,10:25:00,361.6
banknifty_option_contract,3/2/2022,10:26:00,365.2
banknifty_option_contract,3/2/2022,10:27:00,361.5
banknifty_option_contract,3/2/2022,10:28:00,353.2
banknifty_option_contract,3/2/2022,10:29:00,354.65
banknifty_option_contract,3/2/2022,10:30:00,351.25
banknifty_option_contract,3/2/2022,10:31:00,359.9
banknifty_option_contract,3/2/2022,10:32:00,355.9
banknifty_option_contract,3/2/2022,10:33:00,360.15
banknifty_option_contract,3/2/2022,10:34:00,363
banknifty_option_contract,3/2/2022,10:35:00,362.3
banknifty_option_contract,3/2/2022,10:36:00,363.15
banknifty_option_contract,3/2/2022,10:37:00,366
banknifty_option_contract,3/2/2022,10:38:00,358.1
banknifty_option_contract,3/2/2022,10:39:00,355.05
banknifty_option_contract,3/2/2022,10:40:00,362.45
banknifty_option_contract,3/2/2022,10:41:00,367.55
banknifty_option_contract,3/2/2022,10:42:00,368.15
banknifty_option_contract,3/2/2022,10:43:00,367.25
banknifty_option_contract,3/2/2022,10:44:00,366.6
banknifty_option_contract,3/2/2022,10:45:00,366.7
banknifty_option_contract,3/2/2022,10:46:00,366.95
banknifty_option_contract,3/2/2022,10:47:00,370
banknifty_option_contract,3/2/2022,10:48:00,370.55
banknifty_option_contract,3/2/2022,10:49:00,369.05
banknifty_option_contract,3/2/2022,10:50:00,374.85
banknifty_option_contract,3/2/2022,10:51:00,372.5
banknifty_option_contract,3/2/2022,10:52:00,365
banknifty_option_contract,3/2/2022,10:53:00,365
banknifty_option_contract,3/2/2022,10:54:00,368.45
banknifty_option_contract,3/2/2022,10:55:00,370.7
banknifty_option_contract,3/2/2022,10:56:00,372
banknifty_option_contract,3/2/2022,10:57:00,377.35
banknifty_option_contract,3/2/2022,10:58:00,379.85
banknifty_option_contract,3/2/2022,10:59:00,375.1
banknifty_option_contract,3/2/2022,11:00:00,374.1
banknifty_option_contract,3/2/2022,11:01:00,372.7
banknifty_option_contract,3/2/2022,11:02:00,382
banknifty_option_contract,3/2/2022,11:03:00,378.15
banknifty_option_contract,3/2/2022,11:04:00,375.4
banknifty_option_contract,3/2/2022,11:05:00,375.05
banknifty_option_contract,3/2/2022,11:06:00,367
banknifty_option_contract,3/2/2022,11:07:00,364.4
banknifty_option_contract,3/2/2022,11:08:00,363.5
banknifty_option_contract,3/2/2022,11:09:00,359
banknifty_option_contract,3/2/2022,11:10:00,363.7
banknifty_option_contract,3/2/2022,11:11:00,363.8
banknifty_option_contract,3/2/2022,11:12:00,364.2
banknifty_option_contract,3/2/2022,11:13:00,363.1
banknifty_option_contract,3/2/2022,11:14:00,363.3
banknifty_option_contract,3/2/2022,11:15:00,358.75
banknifty_option_contract,3/2/2022,11:16:00,351.8
banknifty_option_contract,3/2/2022,11:17:00,352
banknifty_option_contract,3/2/2022,11:18:00,350.4
banknifty_option_contract,3/2/2022,11:19:00,355.95
banknifty_option_contract,3/2/2022,11:20:00,358.45
banknifty_option_contract,3/2/2022,11:21:00,358.2
banknifty_option_contract,3/2/2022,11:22:00,356.05
banknifty_option_contract,3/2/2022,11:23:00,353
banknifty_option_contract,3/2/2022,11:24:00,349.85
banknifty_option_contract,3/2/2022,11:25:00,349.9
banknifty_option_contract,3/2/2022,11:26:00,350.9
banknifty_option_contract,3/2/2022,11:27:00,354
banknifty_option_contract,3/2/2022,11:28:00,354.8
banknifty_option_contract,3/2/2022,11:29:00,362
banknifty_option_contract,3/2/2022,11:30:00,369.7
banknifty_option_contract,3/2/2022,11:31:00,371.8
banknifty_option_contract,3/2/2022,11:32:00,368
banknifty_option_contract,3/2/2022,11:33:00,367.35
banknifty_option_contract,3/2/2022,11:34:00,369.1
banknifty_option_contract,3/2/2022,11:35:00,372.05
banknifty_option_contract,3/2/2022,11:36:00,365
banknifty_option_contract,3/2/2022,11:37:00,363.75
banknifty_option_contract,3/2/2022,11:38:00,359.8
banknifty_option_contract,3/2/2022,11:39:00,350.4
banknifty_option_contract,3/2/2022,11:40:00,351.95
banknifty_option_contract,3/2/2022,11:41:00,351.2
banknifty_option_contract,3/2/2022,11:42:00,351.45
banknifty_option_contract,3/2/2022,11:43:00,355.2
banknifty_option_contract,3/2/2022,11:44:00,356
banknifty_option_contract,3/2/2022,11:45:00,350.5
banknifty_option_contract,3/2/2022,11:46:00,345
banknifty_option_contract,3/2/2022,11:47:00,347.2
banknifty_option_contract,3/2/2022,11:48:00,347.65
banknifty_option_contract,3/2/2022,11:49:00,350.15
banknifty_option_contract,3/2/2022,11:50:00,346.2
banknifty_option_contract,3/2/2022,11:51:00,349.05
banknifty_option_contract,3/2/2022,11:52:00,346
banknifty_option_contract,3/2/2022,11:53:00,341.05
banknifty_option_contract,3/2/2022,11:54:00,346
banknifty_option_contract,3/2/2022,11:55:00,342.45
banknifty_option_contract,3/2/2022,11:56:00,341.75
banknifty_option_contract,3/2/2022,11:57:00,339.65
banknifty_option_contract,3/2/2022,11:58:00,343
banknifty_option_contract,3/2/2022,11:59:00,347.55
banknifty_option_contract,3/2/2022,12:00:00,350
banknifty_option_contract,3/2/2022,12:01:00,345
banknifty_option_contract,3/2/2022,12:02:00,337.7
banknifty_option_contract,3/2/2022,12:03:00,341.85
banknifty_option_contract,3/2/2022,12:04:00,345.45
banknifty_option_contract,3/2/2022,12:05:00,352.15
banknifty_option_contract,3/2/2022,12:06:00,353.7
banknifty_option_contract,3/2/2022,12:07:00,353.1
banknifty_option_contract,3/2/2022,12:08:00,351.95
banknifty_option_contract,3/2/2022,12:09:00,345
banknifty_option_contract,3/2/2022,12:10:00,340.9
banknifty_option_contract,3/2/2022,12:11:00,341.45
banknifty_option_contract,3/2/2022,12:12:00,335.35
banknifty_option_contract,3/2/2022,12:13:00,335.95
banknifty_option_contract,3/2/2022,12:14:00,335.05
banknifty_option_contract,3/2/2022,12:15:00,330.1
banknifty_option_contract,3/2/2022,12:16:00,338.85
banknifty_option_contract,3/2/2022,12:17:00,342.85
banknifty_option_contract,3/2/2022,12:18:00,341.7
banknifty_option_contract,3/2/2022,12:19:00,345.55
banknifty_option_contract,3/2/2022,12:20:00,354
banknifty_option_contract,3/2/2022,12:21:00,348
banknifty_option_contract,3/2/2022,12:22:00,350
banknifty_option_contract,3/2/2022,12:23:00,347.65
banknifty_option_contract,3/2/2022,12:24:00,348.05
banknifty_option_contract,3/2/2022,12:25:00,354.8
banknifty_option_contract,3/2/2022,12:26:00,356.2
banknifty_option_contract,3/2/2022,12:27:00,355.7
banknifty_option_contract,3/2/2022,12:28:00,346.7
banknifty_option_contract,3/2/2022,12:29:00,350.35
banknifty_option_contract,3/2/2022,12:30:00,352.95
banknifty_option_contract,3/2/2022,12:31:00,353.15
banknifty_option_contract,3/2/2022,12:32:00,352
banknifty_option_contract,3/2/2022,12:33:00,359.9
banknifty_option_contract,3/2/2022,12:34:00,362.95
banknifty_option_contract,3/2/2022,12:35:00,366
banknifty_option_contract,3/2/2022,12:36:00,363.25
banknifty_option_contract,3/2/2022,12:37:00,370.5
banknifty_option_contract,3/2/2022,12:38:00,391.5
banknifty_option_contract,3/2/2022,12:39:00,394.05
banknifty_option_contract,3/2/2022,12:40:00,400.55
banknifty_option_contract,3/2/2022,12:41:00,400.6
banknifty_option_contract,3/2/2022,12:42:00,408.6
banknifty_option_contract,3/2/2022,12:43:00,409.05
banknifty_option_contract,3/2/2022,12:44:00,405.3
banknifty_option_contract,3/2/2022,12:45:00,407.5
banknifty_option_contract,3/2/2022,12:46:00,408.4
banknifty_option_contract,3/2/2022,12:47:00,421.6
banknifty_option_contract,3/2/2022,12:48:00,415.65
banknifty_option_contract,3/2/2022,12:49:00,411.3
banknifty_option_contract,3/2/2022,12:50:00,417.9
banknifty_option_contract,3/2/2022,12:51:00,436.75
banknifty_option_contract,3/2/2022,12:52:00,438.2
banknifty_option_contract,3/2/2022,12:53:00,439.25
banknifty_option_contract,3/2/2022,12:54:00,415.3
banknifty_option_contract,3/2/2022,12:55:00,411.05
banknifty_option_contract,3/2/2022,12:56:00,404.4
banknifty_option_contract,3/2/2022,12:57:00,404.6
banknifty_option_contract,3/2/2022,12:58:00,407.05
banknifty_option_contract,3/2/2022,12:59:00,406.95
banknifty_option_contract,3/2/2022,13:00:00,399.05
banknifty_option_contract,3/2/2022,13:01:00,387.05
banknifty_option_contract,3/2/2022,13:02:00,401.75
banknifty_option_contract,3/2/2022,13:03:00,396.5
banknifty_option_contract,3/2/2022,13:04:00,395.3
banknifty_option_contract,3/2/2022,13:05:00,395.05
banknifty_option_contract,3/2/2022,13:06:00,392.05
banknifty_option_contract,3/2/2022,13:07:00,396.45
banknifty_option_contract,3/2/2022,13:08:00,411.2
banknifty_option_contract,3/2/2022,13:09:00,412.05
banknifty_option_contract,3/2/2022,13:10:00,416.95
banknifty_option_contract,3/2/2022,13:11:00,416.85
banknifty_option_contract,3/2/2022,13:12:00,411.9
banknifty_option_contract,3/2/2022,13:13:00,399.55
banknifty_option_contract,3/2/2022,13:14:00,396.1
banknifty_option_contract,3/2/2022,13:15:00,402.35
banknifty_option_contract,3/2/2022,13:16:00,400.2
banknifty_option_contract,3/2/2022,13:17:00,391.65
banknifty_option_contract,3/2/2022,13:18:00,388
banknifty_option_contract,3/2/2022,13:19:00,384
banknifty_option_contract,3/2/2022,13:20:00,380.05
banknifty_option_contract,3/2/2022,13:21:00,374.5
banknifty_option_contract,3/2/2022,13:22:00,376.95
banknifty_option_contract,3/2/2022,13:23:00,378.1
banknifty_option_contract,3/2/2022,13:24:00,382.8
banknifty_option_contract,3/2/2022,13:25:00,393.3
banknifty_option_contract,3/2/2022,13:26:00,392.3
banknifty_option_contract,3/2/2022,13:27:00,385.3
banknifty_option_contract,3/2/2022,13:28:00,381.65
banknifty_option_contract,3/2/2022,13:29:00,385.3
banknifty_option_contract,3/2/2022,13:30:00,397.95
banknifty_option_contract,3/2/2022,13:31:00,394.2
banknifty_option_contract,3/2/2022,13:32:00,395
banknifty_option_contract,3/2/2022,13:33:00,401.15
banknifty_option_contract,3/2/2022,13:34:00,396.8
banknifty_option_contract,3/2/2022,13:35:00,394.85
banknifty_option_contract,3/2/2022,13:36:00,400.65
banknifty_option_contract,3/2/2022,13:37:00,395.9
banknifty_option_contract,3/2/2022,13:38:00,381.55
banknifty_option_contract,3/2/2022,13:39:00,367.65
banknifty_option_contract,3/2/2022,13:40:00,343.4
banknifty_option_contract,3/2/2022,13:41:00,349.1
banknifty_option_contract,3/2/2022,13:42:00,351
banknifty_option_contract,3/2/2022,13:43:00,344
banknifty_option_contract,3/2/2022,13:44:00,339.7
banknifty_option_contract,3/2/2022,13:45:00,338
banknifty_option_contract,3/2/2022,13:46:00,336.5
banknifty_option_contract,3/2/2022,13:47:00,347.15
banknifty_option_contract,3/2/2022,13:48:00,355.75
banknifty_option_contract,3/2/2022,13:49:00,335.55
banknifty_option_contract,3/2/2022,13:50:00,326.1
banknifty_option_contract,3/2/2022,13:51:00,332.4
banknifty_option_contract,3/2/2022,13:52:00,334.45
banknifty_option_contract,3/2/2022,13:53:00,339.95
banknifty_option_contract,3/2/2022,13:54:00,343.5
banknifty_option_contract,3/2/2022,13:55:00,352.65
banknifty_option_contract,3/2/2022,13:56:00,345.95
banknifty_option_contract,3/2/2022,13:57:00,348
banknifty_option_contract,3/2/2022,13:58:00,346.3
banknifty_option_contract,3/2/2022,13:59:00,344.25
banknifty_option_contract,3/2/2022,14:00:00,355
banknifty_option_contract,3/2/2022,14:01:00,351.45
banknifty_option_contract,3/2/2022,14:02:00,351.6
banknifty_option_contract,3/2/2022,14:03:00,348.5
banknifty_option_contract,3/2/2022,14:04:00,355
banknifty_option_contract,3/2/2022,14:05:00,355.35
banknifty_option_contract,3/2/2022,14:06:00,342.55
banknifty_option_contract,3/2/2022,14:07:00,346.5
banknifty_option_contract,3/2/2022,14:08:00,352.2
banknifty_option_contract,3/2/2022,14:09:00,353.85
banknifty_option_contract,3/2/2022,14:10:00,344.2
banknifty_option_contract,3/2/2022,14:11:00,340
banknifty_option_contract,3/2/2022,14:12:00,338.7
banknifty_option_contract,3/2/2022,14:13:00,345.6
banknifty_option_contract,3/2/2022,14:14:00,345.5
banknifty_option_contract,3/2/2022,14:15:00,342.15
banknifty_option_contract,3/2/2022,14:16:00,346.4
banknifty_option_contract,3/2/2022,14:17:00,336.4
banknifty_option_contract,3/2/2022,14:18:00,334
banknifty_option_contract,3/2/2022,14:19:00,331.85
banknifty_option_contract,3/2/2022,14:20:00,329.55
banknifty_option_contract,3/2/2022,14:21:00,333.15
banknifty_option_contract,3/2/2022,14:22:00,331.85
banknifty_option_contract,3/2/2022,14:23:00,331.4
banknifty_option_contract,3/2/2022,14:24:00,334
banknifty_option_contract,3/2/2022,14:25:00,338.7
banknifty_option_contract,3/2/2022,14:26:00,346.25
banknifty_option_contract,3/2/2022,14:27:00,344.95
banknifty_option_contract,3/2/2022,14:28:00,343
banknifty_option_contract,3/2/2022,14:29:00,340
banknifty_option_contract,3/2/2022,14:30:00,343.25
banknifty_option_contract,3/2/2022,14:31:00,345.7
banknifty_option_contract,3/2/2022,14:32:00,341.95
banknifty_option_contract,3/2/2022,14:33:00,337.8
banknifty_option_contract,3/2/2022,14:34:00,327.85
banknifty_option_contract,3/2/2022,14:35:00,324.8
banknifty_option_contract,3/2/2022,14:36:00,331.85
banknifty_option_contract,3/2/2022,14:37:00,331.95
banknifty_option_contract,3/2/2022,14:38:00,332.8
banknifty_option_contract,3/2/2022,14:39:00,330.6
banknifty_option_contract,3/2/2022,14:40:00,321.15
banknifty_option_contract,3/2/2022,14:41:00,322.55
banknifty_option_contract,3/2/2022,14:42:00,313.5
banknifty_option_contract,3/2/2022,14:43:00,321
banknifty_option_contract,3/2/2022,14:44:00,329.35
banknifty_option_contract,3/2/2022,14:45:00,321.5
banknifty_option_contract,3/2/2022,14:46:00,323.35
banknifty_option_contract,3/2/2022,14:47:00,329.65
banknifty_option_contract,3/2/2022,14:48:00,331.2
banknifty_option_contract,3/2/2022,14:49:00,328.8
banknifty_option_contract,3/2/2022,14:50:00,324.6
banknifty_option_contract,3/2/2022,14:51:00,316
banknifty_option_contract,3/2/2022,14:52:00,315
banknifty_option_contract,3/2/2022,14:53:00,314.3
banknifty_option_contract,3/2/2022,14:54:00,316.5
banknifty_option_contract,3/2/2022,14:55:00,316.05
banknifty_option_contract,3/2/2022,14:56:00,307.85
banknifty_option_contract,3/2/2022,14:57:00,293.4
banknifty_option_contract,3/2/2022,14:58:00,296.05
banknifty_option_contract,3/2/2022,14:59:00,294
banknifty_option_contract,3/2/2022,15:00:00,307.25
banknifty_option_contract,3/2/2022,15:01:00,310.35
banknifty_option_contract,3/2/2022,15:02:00,320
banknifty_option_contract,3/2/2022,15:03:00,306
banknifty_option_contract,3/2/2022,15:04:00,299.55
banknifty_option_contract,3/2/2022,15:05:00,293.2
banknifty_option_contract,3/2/2022,15:06:00,289.35
banknifty_option_contract,3/2/2022,15:07:00,289.9
banknifty_option_contract,3/2/2022,15:08:00,288.65
banknifty_option_contract,3/2/2022,15:09:00,295.45
banknifty_option_contract,3/2/2022,15:10:00,292
banknifty_option_contract,3/2/2022,15:11:00,292.9
banknifty_option_contract,3/2/2022,15:12:00,296.3
banknifty_option_contract,3/2/2022,15:13:00,293
banknifty_option_contract,3/2/2022,15:14:00,293.8
banknifty_option_contract,3/2/2022,15:15:00,291.95
banknifty_option_contract,3/2/2022,15:16:00,289.85
banknifty_option_contract,3/2/2022,15:17:00,279.9
banknifty_option_contract,3/2/2022,15:18:00,269.55
banknifty_option_contract,3/2/2022,15:19:00,257.25
banknifty_option_contract,3/2/2022,15:20:00,256.75
banknifty_option_contract,3/2/2022,15:21:00,250.35
banknifty_option_contract,3/2/2022,15:22:00,247.35
banknifty_option_contract,3/2/2022,15:23:00,239.4
banknifty_option_contract,3/2/2022,15:24:00,225.05
banknifty_option_contract,3/2/2022,15:25:00,223.9
banknifty_option_contract,3/2/2022,15:26:00,214.05
banknifty_option_contract,3/2/2022,15:27:00,214
banknifty_option_contract,3/2/2022,15:28:00,220.05
banknifty_option_contract,3/2/2022,15:29:00,218.35
banknifty_option_contract,3/2/2022,15:30:00,217.35
banknifty_option_contract,4/2/2022,9:15:00,253.65
banknifty_option_contract,4/2/2022,9:16:00,244.45
banknifty_option_contract,4/2/2022,9:17:00,255.55
banknifty_option_contract,4/2/2022,9:18:00,246.5
banknifty_option_contract,4/2/2022,9:19:00,245.5
banknifty_option_contract,4/2/2022,9:20:00,240.2
banknifty_option_contract,4/2/2022,9:21:00,254.15
banknifty_option_contract,4/2/2022,9:22:00,273.55
banknifty_option_contract,4/2/2022,9:23:00,281.45
banknifty_option_contract,4/2/2022,9:24:00,301.15
banknifty_option_contract,4/2/2022,9:25:00,308.95
banknifty_option_contract,4/2/2022,9:26:00,318.45
banknifty_option_contract,4/2/2022,9:27:00,331.7
banknifty_option_contract,4/2/2022,9:28:00,325.4
banknifty_option_contract,4/2/2022,9:29:00,326.55
banknifty_option_contract,4/2/2022,9:30:00,316.6
banknifty_option_contract,4/2/2022,9:31:00,328.9
banknifty_option_contract,4/2/2022,9:32:00,346.5
banknifty_option_contract,4/2/2022,9:33:00,337.05
banknifty_option_contract,4/2/2022,9:34:00,330.05
banknifty_option_contract,4/2/2022,9:35:00,308.9
banknifty_option_contract,4/2/2022,9:36:00,318.85
banknifty_option_contract,4/2/2022,9:37:00,323.75
banknifty_option_contract,4/2/2022,9:38:00,324.05
banknifty_option_contract,4/2/2022,9:39:00,325.2
banknifty_option_contract,4/2/2022,9:40:00,321.1
banknifty_option_contract,4/2/2022,9:41:00,318.6
banknifty_option_contract,4/2/2022,9:42:00,316.55
banknifty_option_contract,4/2/2022,9:43:00,314.7
banknifty_option_contract,4/2/2022,9:44:00,315.25
banknifty_option_contract,4/2/2022,9:45:00,311.85
banknifty_option_contract,4/2/2022,9:46:00,308.45
banknifty_option_contract,4/2/2022,9:47:00,316.75
banknifty_option_contract,4/2/2022,9:48:00,336.4
banknifty_option_contract,4/2/2022,9:49:00,332
banknifty_option_contract,4/2/2022,9:50:00,328.1
banknifty_option_contract,4/2/2022,9:51:00,336.3
banknifty_option_contract,4/2/2022,9:52:00,329.7
banknifty_option_contract,4/2/2022,9:53:00,330.1
banknifty_option_contract,4/2/2022,9:54:00,333.6
banknifty_option_contract,4/2/2022,9:55:00,330.35
banknifty_option_contract,4/2/2022,9:56:00,329.55
banknifty_option_contract,4/2/2022,9:57:00,315.05
banknifty_option_contract,4/2/2022,9:58:00,311.8
banknifty_option_contract,4/2/2022,9:59:00,307.8
banknifty_option_contract,4/2/2022,10:00:00,307.4
banknifty_option_contract,4/2/2022,10:01:00,311.55
banknifty_option_contract,4/2/2022,10:02:00,311.05
banknifty_option_contract,4/2/2022,10:03:00,303.6
banknifty_option_contract,4/2/2022,10:04:00,301.55
banknifty_option_contract,4/2/2022,10:05:00,297
banknifty_option_contract,4/2/2022,10:06:00,281.1
banknifty_option_contract,4/2/2022,10:07:00,284.65
banknifty_option_contract,4/2/2022,10:08:00,290.55
banknifty_option_contract,4/2/2022,10:09:00,278.3
banknifty_option_contract,4/2/2022,10:10:00,276
banknifty_option_contract,4/2/2022,10:11:00,270.35
banknifty_option_contract,4/2/2022,10:12:00,260.7
banknifty_option_contract,4/2/2022,10:13:00,265.45
banknifty_option_contract,4/2/2022,10:14:00,268.35
banknifty_option_contract,4/2/2022,10:15:00,267
banknifty_option_contract,4/2/2022,10:16:00,262.7
banknifty_option_contract,4/2/2022,10:17:00,255
banknifty_option_contract,4/2/2022,10:18:00,251.6
banknifty_option_contract,4/2/2022,10:19:00,239.9
banknifty_option_contract,4/2/2022,10:20:00,238.9
banknifty_option_contract,4/2/2022,10:21:00,244.55
banknifty_option_contract,4/2/2022,10:22:00,241.3
banknifty_option_contract,4/2/2022,10:23:00,245.4
banknifty_option_contract,4/2/2022,10:24:00,248.5
banknifty_option_contract,4/2/2022,10:25:00,246.75
banknifty_option_contract,4/2/2022,10:26:00,253.85
banknifty_option_contract,4/2/2022,10:27:00,260.75
banknifty_option_contract,4/2/2022,10:28:00,247.3
banknifty_option_contract,4/2/2022,10:29:00,249.9
banknifty_option_contract,4/2/2022,10:30:00,257.35
banknifty_option_contract,4/2/2022,10:31:00,256.45
banknifty_option_contract,4/2/2022,10:32:00,254.65
banknifty_option_contract,4/2/2022,10:33:00,257.85
banknifty_option_contract,4/2/2022,10:34:00,248.3
banknifty_option_contract,4/2/2022,10:35:00,227.85
banknifty_option_contract,4/2/2022,10:36:00,233.35
banknifty_option_contract,4/2/2022,10:37:00,227.85
banknifty_option_contract,4/2/2022,10:38:00,231.3
banknifty_option_contract,4/2/2022,10:39:00,235.75
banknifty_option_contract,4/2/2022,10:40:00,232.7
banknifty_option_contract,4/2/2022,10:41:00,236
banknifty_option_contract,4/2/2022,10:42:00,236.7
banknifty_option_contract,4/2/2022,10:43:00,235.7
banknifty_option_contract,4/2/2022,10:44:00,227.3
banknifty_option_contract,4/2/2022,10:45:00,220
banknifty_option_contract,4/2/2022,10:46:00,222.35
banknifty_option_contract,4/2/2022,10:47:00,223.6
banknifty_option_contract,4/2/2022,10:48:00,221.95
banknifty_option_contract,4/2/2022,10:49:00,230.7
banknifty_option_contract,4/2/2022,10:50:00,230.6
banknifty_option_contract,4/2/2022,10:51:00,234
banknifty_option_contract,4/2/2022,10:52:00,235.5
banknifty_option_contract,4/2/2022,10:53:00,237.45
banknifty_option_contract,4/2/2022,10:54:00,235.25
banknifty_option_contract,4/2/2022,10:55:00,237.6
banknifty_option_contract,4/2/2022,10:56:00,239.55
banknifty_option_contract,4/2/2022,10:57:00,234.5
banknifty_option_contract,4/2/2022,10:58:00,231.5
banknifty_option_contract,4/2/2022,10:59:00,239.95
banknifty_option_contract,4/2/2022,11:00:00,244.15
banknifty_option_contract,4/2/2022,11:01:00,243.35
banknifty_option_contract,4/2/2022,11:02:00,235.85
banknifty_option_contract,4/2/2022,11:03:00,229.7
banknifty_option_contract,4/2/2022,11:04:00,226.7
banknifty_option_contract,4/2/2022,11:05:00,227
banknifty_option_contract,4/2/2022,11:06:00,231.75
banknifty_option_contract,4/2/2022,11:07:00,231.05
banknifty_option_contract,4/2/2022,11:08:00,232.45
banknifty_option_contract,4/2/2022,11:09:00,228.3
banknifty_option_contract,4/2/2022,11:10:00,233.05
banknifty_option_contract,4/2/2022,11:11:00,240.65
banknifty_option_contract,4/2/2022,11:12:00,246.75
banknifty_option_contract,4/2/2022,11:13:00,247.2
banknifty_option_contract,4/2/2022,11:14:00,240.4
banknifty_option_contract,4/2/2022,11:15:00,248.5
banknifty_option_contract,4/2/2022,11:16:00,244.75
banknifty_option_contract,4/2/2022,11:17:00,242
banknifty_option_contract,4/2/2022,11:18:00,234.85
banknifty_option_contract,4/2/2022,11:19:00,236
banknifty_option_contract,4/2/2022,11:20:00,237.55
banknifty_option_contract,4/2/2022,11:21:00,237.8
banknifty_option_contract,4/2/2022,11:22:00,238
banknifty_option_contract,4/2/2022,11:23:00,239.55
banknifty_option_contract,4/2/2022,11:24:00,232.2
banknifty_option_contract,4/2/2022,11:25:00,233.65
banknifty_option_contract,4/2/2022,11:26:00,235.5
banknifty_option_contract,4/2/2022,11:27:00,234.85
banknifty_option_contract,4/2/2022,11:28:00,234.9
banknifty_option_contract,4/2/2022,11:29:00,230.2
banknifty_option_contract,4/2/2022,11:30:00,222.85
banknifty_option_contract,4/2/2022,11:31:00,218.35
banknifty_option_contract,4/2/2022,11:32:00,221.65
banknifty_option_contract,4/2/2022,11:33:00,221.85
banknifty_option_contract,4/2/2022,11:34:00,220.55
banknifty_option_contract,4/2/2022,11:35:00,216.15
banknifty_option_contract,4/2/2022,11:36:00,220.4
banknifty_option_contract,4/2/2022,11:37:00,221
banknifty_option_contract,4/2/2022,11:38:00,222
banknifty_option_contract,4/2/2022,11:39:00,221.3
banknifty_option_contract,4/2/2022,11:40:00,216.15
banknifty_option_contract,4/2/2022,11:41:00,210.8
banknifty_option_contract,4/2/2022,11:42:00,212
banknifty_option_contract,4/2/2022,11:43:00,212.75
banknifty_option_contract,4/2/2022,11:44:00,203.25
banknifty_option_contract,4/2/2022,11:45:00,207.4
banknifty_option_contract,4/2/2022,11:46:00,207.5
banknifty_option_contract,4/2/2022,11:47:00,207.85
banknifty_option_contract,4/2/2022,11:48:00,206.55
banknifty_option_contract,4/2/2022,11:49:00,208.45
banknifty_option_contract,4/2/2022,11:50:00,194.55
banknifty_option_contract,4/2/2022,11:51:00,190
banknifty_option_contract,4/2/2022,11:52:00,192.1
banknifty_option_contract,4/2/2022,11:53:00,188.95
banknifty_option_contract,4/2/2022,11:54:00,184.35
banknifty_option_contract,4/2/2022,11:55:00,181.9
banknifty_option_contract,4/2/2022,11:56:00,181.75
banknifty_option_contract,4/2/2022,11:57:00,184.85
banknifty_option_contract,4/2/2022,11:58:00,185
banknifty_option_contract,4/2/2022,11:59:00,185
banknifty_option_contract,4/2/2022,12:00:00,190.85
banknifty_option_contract,4/2/2022,12:01:00,191.4
banknifty_option_contract,4/2/2022,12:02:00,190
banknifty_option_contract,4/2/2022,12:03:00,186.9
banknifty_option_contract,4/2/2022,12:04:00,177.5
banknifty_option_contract,4/2/2022,12:05:00,184.65
banknifty_option_contract,4/2/2022,12:06:00,185.95
banknifty_option_contract,4/2/2022,12:07:00,185.8
banknifty_option_contract,4/2/2022,12:08:00,184.05
banknifty_option_contract,4/2/2022,12:09:00,182.55
banknifty_option_contract,4/2/2022,12:10:00,178.4
banknifty_option_contract,4/2/2022,12:11:00,172.5
banknifty_option_contract,4/2/2022,12:12:00,171.8
banknifty_option_contract,4/2/2022,12:13:00,172.55
banknifty_option_contract,4/2/2022,12:14:00,177.95
banknifty_option_contract,4/2/2022,12:15:00,174.8
banknifty_option_contract,4/2/2022,12:16:00,172.4
banknifty_option_contract,4/2/2022,12:17:00,172.2
banknifty_option_contract,4/2/2022,12:18:00,176
banknifty_option_contract,4/2/2022,12:19:00,168.95
banknifty_option_contract,4/2/2022,12:20:00,162.4
banknifty_option_contract,4/2/2022,12:21:00,162.8
banknifty_option_contract,4/2/2022,12:22:00,164.25
banknifty_option_contract,4/2/2022,12:23:00,164
banknifty_option_contract,4/2/2022,12:24:00,167.3
banknifty_option_contract,4/2/2022,12:25:00,170.3
banknifty_option_contract,4/2/2022,12:26:00,173.4
banknifty_option_contract,4/2/2022,12:27:00,174.6
banknifty_option_contract,4/2/2022,12:28:00,178.45
banknifty_option_contract,4/2/2022,12:29:00,178.85
banknifty_option_contract,4/2/2022,12:30:00,175.15
banknifty_option_contract,4/2/2022,12:31:00,178.35
banknifty_option_contract,4/2/2022,12:32:00,180
banknifty_option_contract,4/2/2022,12:33:00,179.6
banknifty_option_contract,4/2/2022,12:34:00,183.45
banknifty_option_contract,4/2/2022,12:35:00,183.8
banknifty_option_contract,4/2/2022,12:36:00,184.9
banknifty_option_contract,4/2/2022,12:37:00,188.3
banknifty_option_contract,4/2/2022,12:38:00,188.7
banknifty_option_contract,4/2/2022,12:39:00,185.35
banknifty_option_contract,4/2/2022,12:40:00,178.55
banknifty_option_contract,4/2/2022,12:41:00,179.45
banknifty_option_contract,4/2/2022,12:42:00,182.1
banknifty_option_contract,4/2/2022,12:43:00,178.55
banknifty_option_contract,4/2/2022,12:44:00,175.6
banknifty_option_contract,4/2/2022,12:45:00,176.65
banknifty_option_contract,4/2/2022,12:46:00,174.4
banknifty_option_contract,4/2/2022,12:47:00,173.85
banknifty_option_contract,4/2/2022,12:48:00,172
banknifty_option_contract,4/2/2022,12:49:00,172.5
banknifty_option_contract,4/2/2022,12:50:00,166.65
banknifty_option_contract,4/2/2022,12:51:00,171.75
banknifty_option_contract,4/2/2022,12:52:00,174.2
banknifty_option_contract,4/2/2022,12:53:00,173.95
banknifty_option_contract,4/2/2022,12:54:00,168.9
banknifty_option_contract,4/2/2022,12:55:00,171.75
banknifty_option_contract,4/2/2022,12:56:00,168.9
banknifty_option_contract,4/2/2022,12:57:00,171.6
banknifty_option_contract,4/2/2022,12:58:00,167
banknifty_option_contract,4/2/2022,12:59:00,167.85
banknifty_option_contract,4/2/2022,13:00:00,160.7
banknifty_option_contract,4/2/2022,13:01:00,160.7
banknifty_option_contract,4/2/2022,13:02:00,158.85
banknifty_option_contract,4/2/2022,13:03:00,164.2
banknifty_option_contract,4/2/2022,13:04:00,166.55
banknifty_option_contract,4/2/2022,13:05:00,162.2
banknifty_option_contract,4/2/2022,13:06:00,158.9
banknifty_option_contract,4/2/2022,13:07:00,161.25
banknifty_option_contract,4/2/2022,13:08:00,158.5
banknifty_option_contract,4/2/2022,13:09:00,151.4
banknifty_option_contract,4/2/2022,13:10:00,152.4
banknifty_option_contract,4/2/2022,13:11:00,155.5
banknifty_option_contract,4/2/2022,13:12:00,152.25
banknifty_option_contract,4/2/2022,13:13:00,159.45
banknifty_option_contract,4/2/2022,13:14:00,155
banknifty_option_contract,4/2/2022,13:15:00,157.05
banknifty_option_contract,4/2/2022,13:16:00,153.45
banknifty_option_contract,4/2/2022,13:17:00,164.5
banknifty_option_contract,4/2/2022,13:18:00,164.9
banknifty_option_contract,4/2/2022,13:19:00,163.8
banknifty_option_contract,4/2/2022,13:20:00,168.6
banknifty_option_contract,4/2/2022,13:21:00,167.95
banknifty_option_contract,4/2/2022,13:22:00,168.65
banknifty_option_contract,4/2/2022,13:23:00,162
banknifty_option_contract,4/2/2022,13:24:00,166.2
banknifty_option_contract,4/2/2022,13:25:00,167.15
banknifty_option_contract,4/2/2022,13:26:00,172.6
banknifty_option_contract,4/2/2022,13:27:00,170.2
banknifty_option_contract,4/2/2022,13:28:00,170.1
banknifty_option_contract,4/2/2022,13:29:00,176.1
banknifty_option_contract,4/2/2022,13:30:00,181.95
banknifty_option_contract,4/2/2022,13:31:00,172
banknifty_option_contract,4/2/2022,13:32:00,180.7
banknifty_option_contract,4/2/2022,13:33:00,180.55
banknifty_option_contract,4/2/2022,13:34:00,180.55
banknifty_option_contract,4/2/2022,13:35:00,176.8
banknifty_option_contract,4/2/2022,13:36:00,176.75
banknifty_option_contract,4/2/2022,13:37:00,179.25
banknifty_option_contract,4/2/2022,13:38:00,177.05
banknifty_option_contract,4/2/2022,13:39:00,174.45
banknifty_option_contract,4/2/2022,13:40:00,177.15
banknifty_option_contract,4/2/2022,13:41:00,178.8
banknifty_option_contract,4/2/2022,13:42:00,169.45
banknifty_option_contract,4/2/2022,13:43:00,169.7
banknifty_option_contract,4/2/2022,13:44:00,175
banknifty_option_contract,4/2/2022,13:45:00,177.7
banknifty_option_contract,4/2/2022,13:46:00,176.9
banknifty_option_contract,4/2/2022,13:47:00,182.7
banknifty_option_contract,4/2/2022,13:48:00,201
banknifty_option_contract,4/2/2022,13:49:00,200.95
banknifty_option_contract,4/2/2022,13:50:00,206.4
banknifty_option_contract,4/2/2022,13:51:00,202.05
banknifty_option_contract,4/2/2022,13:52:00,197.65
banknifty_option_contract,4/2/2022,13:53:00,187
banknifty_option_contract,4/2/2022,13:54:00,191.85
banknifty_option_contract,4/2/2022,13:55:00,190.35
banknifty_option_contract,4/2/2022,13:56:00,196.75
banknifty_option_contract,4/2/2022,13:57:00,199.7
banknifty_option_contract,4/2/2022,13:58:00,200
banknifty_option_contract,4/2/2022,13:59:00,199.65
banknifty_option_contract,4/2/2022,14:00:00,194
banknifty_option_contract,4/2/2022,14:01:00,191.4
banknifty_option_contract,4/2/2022,14:02:00,192.9
banknifty_option_contract,4/2/2022,14:03:00,199.6
banknifty_option_contract,4/2/2022,14:04:00,198.35
banknifty_option_contract,4/2/2022,14:05:00,197.4
banknifty_option_contract,4/2/2022,14:06:00,194.5
banknifty_option_contract,4/2/2022,14:07:00,187.85
banknifty_option_contract,4/2/2022,14:08:00,189.55
banknifty_option_contract,4/2/2022,14:09:00,183.75
banknifty_option_contract,4/2/2022,14:10:00,185.8
banknifty_option_contract,4/2/2022,14:11:00,174.3
banknifty_option_contract,4/2/2022,14:12:00,171.65
banknifty_option_contract,4/2/2022,14:13:00,175.9
banknifty_option_contract,4/2/2022,14:14:00,181.65
banknifty_option_contract,4/2/2022,14:15:00,179.6
banknifty_option_contract,4/2/2022,14:16:00,185.85
banknifty_option_contract,4/2/2022,14:17:00,195
banknifty_option_contract,4/2/2022,14:18:00,191.95
banknifty_option_contract,4/2/2022,14:19:00,191.95
banknifty_option_contract,4/2/2022,14:20:00,183.05
banknifty_option_contract,4/2/2022,14:21:00,178.75
banknifty_option_contract,4/2/2022,14:22:00,186.55
banknifty_option_contract,4/2/2022,14:23:00,183
banknifty_option_contract,4/2/2022,14:24:00,188.3
banknifty_option_contract,4/2/2022,14:25:00,189.4
banknifty_option_contract,4/2/2022,14:26:00,183.15
banknifty_option_contract,4/2/2022,14:27:00,180.1
banknifty_option_contract,4/2/2022,14:28:00,185.2
banknifty_option_contract,4/2/2022,14:29:00,177.25
banknifty_option_contract,4/2/2022,14:30:00,178.3
banknifty_option_contract,4/2/2022,14:31:00,187.6
banknifty_option_contract,4/2/2022,14:32:00,178.05
banknifty_option_contract,4/2/2022,14:33:00,176
banknifty_option_contract,4/2/2022,14:34:00,171.75
banknifty_option_contract,4/2/2022,14:35:00,171.35
banknifty_option_contract,4/2/2022,14:36:00,170.35
banknifty_option_contract,4/2/2022,14:37:00,175.7
banknifty_option_contract,4/2/2022,14:38:00,171.25
banknifty_option_contract,4/2/2022,14:39:00,160
banknifty_option_contract,4/2/2022,14:40:00,162.3
banknifty_option_contract,4/2/2022,14:41:00,162.8
banknifty_option_contract,4/2/2022,14:42:00,159.3
banknifty_option_contract,4/2/2022,14:43:00,162.55
banknifty_option_contract,4/2/2022,14:44:00,164.85
banknifty_option_contract,4/2/2022,14:45:00,166.9
banknifty_option_contract,4/2/2022,14:46:00,170
banknifty_option_contract,4/2/2022,14:47:00,169.7
banknifty_option_contract,4/2/2022,14:48:00,167.4
banknifty_option_contract,4/2/2022,14:49:00,170.15
banknifty_option_contract,4/2/2022,14:50:00,162.7
banknifty_option_contract,4/2/2022,14:51:00,163.45
banknifty_option_contract,4/2/2022,14:52:00,163.8
banknifty_option_contract,4/2/2022,14:53:00,165
banknifty_option_contract,4/2/2022,14:54:00,167.1
banknifty_option_contract,4/2/2022,14:55:00,161.5
banknifty_option_contract,4/2/2022,14:56:00,164
banknifty_option_contract,4/2/2022,14:57:00,167.6
banknifty_option_contract,4/2/2022,14:58:00,173.45
banknifty_option_contract,4/2/2022,14:59:00,170.1
banknifty_option_contract,4/2/2022,15:00:00,181.35
banknifty_option_contract,4/2/2022,15:01:00,180
banknifty_option_contract,4/2/2022,15:02:00,181.1
banknifty_option_contract,4/2/2022,15:03:00,182
banknifty_option_contract,4/2/2022,15:04:00,186
banknifty_option_contract,4/2/2022,15:05:00,183.6
banknifty_option_contract,4/2/2022,15:06:00,185.8
banknifty_option_contract,4/2/2022,15:07:00,186.65
banknifty_option_contract,4/2/2022,15:08:00,195.45
banknifty_option_contract,4/2/2022,15:09:00,195.55
banknifty_option_contract,4/2/2022,15:10:00,193.55
banknifty_option_contract,4/2/2022,15:11:00,189.75
banknifty_option_contract,4/2/2022,15:12:00,187.7
banknifty_option_contract,4/2/2022,15:13:00,187.65
banknifty_option_contract,4/2/2022,15:14:00,186.85
banknifty_option_contract,4/2/2022,15:15:00,171.65
banknifty_option_contract,4/2/2022,15:16:00,170.7
banknifty_option_contract,4/2/2022,15:17:00,174.65
banknifty_option_contract,4/2/2022,15:18:00,176.45
banknifty_option_contract,4/2/2022,15:19:00,175.95
banknifty_option_contract,4/2/2022,15:20:00,174.15
banknifty_option_contract,4/2/2022,15:21:00,172
banknifty_option_contract,4/2/2022,15:22:00,170
banknifty_option_contract,4/2/2022,15:23:00,166.8
banknifty_option_contract,4/2/2022,15:24:00,166.75
banknifty_option_contract,4/2/2022,15:25:00,164.45
banknifty_option_contract,4/2/2022,15:26:00,162
banknifty_option_contract,4/2/2022,15:27:00,162.05
banknifty_option_contract,4/2/2022,15:28:00,157.2
banknifty_option_contract,4/2/2022,15:29:00,158.5
banknifty_option_contract,4/2/2022,15:30:00,158.5
banknifty_option_contract,7/2/2022,9:15:00,128.65
banknifty_option_contract,7/2/2022,9:16:00,154.6
banknifty_option_contract,7/2/2022,9:17:00,158
banknifty_option_contract,7/2/2022,9:18:00,154.65
banknifty_option_contract,7/2/2022,9:19:00,144
banknifty_option_contract,7/2/2022,9:20:00,138.55
banknifty_option_contract,7/2/2022,9:21:00,121.55
banknifty_option_contract,7/2/2022,9:22:00,128.25
banknifty_option_contract,7/2/2022,9:23:00,115.8
banknifty_option_contract,7/2/2022,9:24:00,120.45
banknifty_option_contract,7/2/2022,9:25:00,119.7
banknifty_option_contract,7/2/2022,9:26:00,109.15
banknifty_option_contract,7/2/2022,9:27:00,99.5
banknifty_option_contract,7/2/2022,9:28:00,105.15
banknifty_option_contract,7/2/2022,9:29:00,123
banknifty_option_contract,7/2/2022,9:30:00,121.5
banknifty_option_contract,7/2/2022,9:31:00,122.7
banknifty_option_contract,7/2/2022,9:32:00,114.5
banknifty_option_contract,7/2/2022,9:33:00,113.8
banknifty_option_contract,7/2/2022,9:34:00,110.95
banknifty_option_contract,7/2/2022,9:35:00,112.5
banknifty_option_contract,7/2/2022,9:36:00,113.1
banknifty_option_contract,7/2/2022,9:37:00,109.55
banknifty_option_contract,7/2/2022,9:38:00,104.75
banknifty_option_contract,7/2/2022,9:39:00,97.35
banknifty_option_contract,7/2/2022,9:40:00,101.1
banknifty_option_contract,7/2/2022,9:41:00,103.5
banknifty_option_contract,7/2/2022,9:42:00,104.15
banknifty_option_contract,7/2/2022,9:43:00,103.3
banknifty_option_contract,7/2/2022,9:44:00,106.4
banknifty_option_contract,7/2/2022,9:45:00,113.65
banknifty_option_contract,7/2/2022,9:46:00,113.6
banknifty_option_contract,7/2/2022,9:47:00,110.8
banknifty_option_contract,7/2/2022,9:48:00,113.4
banknifty_option_contract,7/2/2022,9:49:00,113.45
banknifty_option_contract,7/2/2022,9:50:00,115.5
banknifty_option_contract,7/2/2022,9:51:00,121.05
banknifty_option_contract,7/2/2022,9:52:00,116.85
banknifty_option_contract,7/2/2022,9:53:00,122.45
banknifty_option_contract,7/2/2022,9:54:00,123.65
banknifty_option_contract,7/2/2022,9:55:00,122.25
banknifty_option_contract,7/2/2022,9:56:00,108.2
banknifty_option_contract,7/2/2022,9:57:00,107.8
banknifty_option_contract,7/2/2022,9:58:00,107.55
banknifty_option_contract,7/2/2022,9:59:00,105.05
banknifty_option_contract,7/2/2022,10:00:00,105.75
banknifty_option_contract,7/2/2022,10:01:00,101.25
banknifty_option_contract,7/2/2022,10:02:00,101.8
banknifty_option_contract,7/2/2022,10:03:00,99.45
banknifty_option_contract,7/2/2022,10:04:00,104.5
banknifty_option_contract,7/2/2022,10:05:00,108.4
banknifty_option_contract,7/2/2022,10:06:00,105.65
banknifty_option_contract,7/2/2022,10:07:00,109.6
banknifty_option_contract,7/2/2022,10:08:00,105.9
banknifty_option_contract,7/2/2022,10:09:00,103.5
banknifty_option_contract,7/2/2022,10:10:00,100.75
banknifty_option_contract,7/2/2022,10:11:00,101.4
banknifty_option_contract,7/2/2022,10:12:00,101.7
banknifty_option_contract,7/2/2022,10:13:00,101.5
banknifty_option_contract,7/2/2022,10:14:00,100.25
banknifty_option_contract,7/2/2022,10:15:00,99.6
banknifty_option_contract,7/2/2022,10:16:00,103.45
banknifty_option_contract,7/2/2022,10:17:00,101.8
banknifty_option_contract,7/2/2022,10:18:00,99.4
banknifty_option_contract,7/2/2022,10:19:00,101.4
banknifty_option_contract,7/2/2022,10:20:00,105.4
banknifty_option_contract,7/2/2022,10:21:00,106.25
banknifty_option_contract,7/2/2022,10:22:00,104.3
banknifty_option_contract,7/2/2022,10:23:00,100.95
banknifty_option_contract,7/2/2022,10:24:00,102.25
banknifty_option_contract,7/2/2022,10:25:00,100.75
banknifty_option_contract,7/2/2022,10:26:00,97.05
banknifty_option_contract,7/2/2022,10:27:00,98.9
banknifty_option_contract,7/2/2022,10:28:00,96.45
banknifty_option_contract,7/2/2022,10:29:00,101.3
banknifty_option_contract,7/2/2022,10:30:00,103.05
banknifty_option_contract,7/2/2022,10:31:00,101
banknifty_option_contract,7/2/2022,10:32:00,96.9
banknifty_option_contract,7/2/2022,10:33:00,96
banknifty_option_contract,7/2/2022,10:34:00,97.6
banknifty_option_contract,7/2/2022,10:35:00,95.5
banknifty_option_contract,7/2/2022,10:36:00,99
banknifty_option_contract,7/2/2022,10:37:00,97.2
banknifty_option_contract,7/2/2022,10:38:00,98.95
banknifty_option_contract,7/2/2022,10:39:00,96
banknifty_option_contract,7/2/2022,10:40:00,97.75
banknifty_option_contract,7/2/2022,10:41:00,101.2
banknifty_option_contract,7/2/2022,10:42:00,100
banknifty_option_contract,7/2/2022,10:43:00,99.45
banknifty_option_contract,7/2/2022,10:44:00,98.05
banknifty_option_contract,7/2/2022,10:45:00,99.2
banknifty_option_contract,7/2/2022,10:46:00,96.75
banknifty_option_contract,7/2/2022,10:47:00,97.5
banknifty_option_contract,7/2/2022,10:48:00,97.5
banknifty_option_contract,7/2/2022,10:49:00,100
banknifty_option_contract,7/2/2022,10:50:00,100.95
banknifty_option_contract,7/2/2022,10:51:00,99.55
banknifty_option_contract,7/2/2022,10:52:00,98.75
banknifty_option_contract,7/2/2022,10:53:00,98.35
banknifty_option_contract,7/2/2022,10:54:00,98.35
banknifty_option_contract,7/2/2022,10:55:00,97.95
banknifty_option_contract,7/2/2022,10:56:00,99.25
banknifty_option_contract,7/2/2022,10:57:00,96.95
banknifty_option_contract,7/2/2022,10:58:00,96.1
banknifty_option_contract,7/2/2022,10:59:00,95.5
banknifty_option_contract,7/2/2022,11:00:00,96.85
banknifty_option_contract,7/2/2022,11:01:00,94.1
banknifty_option_contract,7/2/2022,11:02:00,93.7
banknifty_option_contract,7/2/2022,11:03:00,89.15
banknifty_option_contract,7/2/2022,11:04:00,90.4
banknifty_option_contract,7/2/2022,11:05:00,90.65
banknifty_option_contract,7/2/2022,11:06:00,89.85
banknifty_option_contract,7/2/2022,11:07:00,87.9
banknifty_option_contract,7/2/2022,11:08:00,85.5
banknifty_option_contract,7/2/2022,11:09:00,83.85
banknifty_option_contract,7/2/2022,11:10:00,82.8
banknifty_option_contract,7/2/2022,11:11:00,83.9
banknifty_option_contract,7/2/2022,11:12:00,83.05
banknifty_option_contract,7/2/2022,11:13:00,83.9
banknifty_option_contract,7/2/2022,11:14:00,84.3
banknifty_option_contract,7/2/2022,11:15:00,81.7
banknifty_option_contract,7/2/2022,11:16:00,82
banknifty_option_contract,7/2/2022,11:17:00,81.85
banknifty_option_contract,7/2/2022,11:18:00,79.3
banknifty_option_contract,7/2/2022,11:19:00,79.1
banknifty_option_contract,7/2/2022,11:20:00,81.3
banknifty_option_contract,7/2/2022,11:21:00,79.5
banknifty_option_contract,7/2/2022,11:22:00,76.8
banknifty_option_contract,7/2/2022,11:23:00,77.6
banknifty_option_contract,7/2/2022,11:24:00,74.7
banknifty_option_contract,7/2/2022,11:25:00,77
banknifty_option_contract,7/2/2022,11:26:00,76.4
banknifty_option_contract,7/2/2022,11:27:00,75.5
banknifty_option_contract,7/2/2022,11:28:00,77
banknifty_option_contract,7/2/2022,11:29:00,75.7
banknifty_option_contract,7/2/2022,11:30:00,76
banknifty_option_contract,7/2/2022,11:31:00,76.6
banknifty_option_contract,7/2/2022,11:32:00,76.3
banknifty_option_contract,7/2/2022,11:33:00,78.85
banknifty_option_contract,7/2/2022,11:34:00,77.05
banknifty_option_contract,7/2/2022,11:35:00,78.75
banknifty_option_contract,7/2/2022,11:36:00,80.1
banknifty_option_contract,7/2/2022,11:37:00,79.8
banknifty_option_contract,7/2/2022,11:38:00,78.25
banknifty_option_contract,7/2/2022,11:39:00,79.1
banknifty_option_contract,7/2/2022,11:40:00,78.4
banknifty_option_contract,7/2/2022,11:41:00,78.8
banknifty_option_contract,7/2/2022,11:42:00,80.1
banknifty_option_contract,7/2/2022,11:43:00,76.2
banknifty_option_contract,7/2/2022,11:44:00,75.5
banknifty_option_contract,7/2/2022,11:45:00,74.4
banknifty_option_contract,7/2/2022,11:46:00,76.15
banknifty_option_contract,7/2/2022,11:47:00,73
banknifty_option_contract,7/2/2022,11:48:00,73.1
banknifty_option_contract,7/2/2022,11:49:00,71.55
banknifty_option_contract,7/2/2022,11:50:00,72.65
banknifty_option_contract,7/2/2022,11:51:00,73.65
banknifty_option_contract,7/2/2022,11:52:00,74.25
banknifty_option_contract,7/2/2022,11:53:00,76.75
banknifty_option_contract,7/2/2022,11:54:00,76.85
banknifty_option_contract,7/2/2022,11:55:00,75.2
banknifty_option_contract,7/2/2022,11:56:00,75.9
banknifty_option_contract,7/2/2022,11:57:00,74.7
banknifty_option_contract,7/2/2022,11:58:00,74.95
banknifty_option_contract,7/2/2022,11:59:00,75.25
banknifty_option_contract,7/2/2022,12:00:00,76.45
banknifty_option_contract,7/2/2022,12:01:00,74.75
banknifty_option_contract,7/2/2022,12:02:00,70.9
banknifty_option_contract,7/2/2022,12:03:00,71.05
banknifty_option_contract,7/2/2022,12:04:00,71.15
banknifty_option_contract,7/2/2022,12:05:00,71.45
banknifty_option_contract,7/2/2022,12:06:00,72.45
banknifty_option_contract,7/2/2022,12:07:00,70.8
banknifty_option_contract,7/2/2022,12:08:00,69.55
banknifty_option_contract,7/2/2022,12:09:00,68.65
banknifty_option_contract,7/2/2022,12:10:00,68.7
banknifty_option_contract,7/2/2022,12:11:00,69.5
banknifty_option_contract,7/2/2022,12:12:00,68.05
banknifty_option_contract,7/2/2022,12:13:00,69.2
banknifty_option_contract,7/2/2022,12:14:00,68.2
banknifty_option_contract,7/2/2022,12:15:00,70.5
banknifty_option_contract,7/2/2022,12:16:00,70.2
banknifty_option_contract,7/2/2022,12:17:00,69.3
banknifty_option_contract,7/2/2022,12:18:00,70.55
banknifty_option_contract,7/2/2022,12:19:00,70.65
banknifty_option_contract,7/2/2022,12:20:00,70.65
banknifty_option_contract,7/2/2022,12:21:00,69.3
banknifty_option_contract,7/2/2022,12:22:00,69.55
banknifty_option_contract,7/2/2022,12:23:00,68.3
banknifty_option_contract,7/2/2022,12:24:00,69.55
banknifty_option_contract,7/2/2022,12:25:00,69.95
banknifty_option_contract,7/2/2022,12:26:00,69.9
banknifty_option_contract,7/2/2022,12:27:00,70.55
banknifty_option_contract,7/2/2022,12:28:00,70.5
banknifty_option_contract,7/2/2022,12:29:00,70.85
banknifty_option_contract,7/2/2022,12:30:00,71.2
banknifty_option_contract,7/2/2022,12:31:00,70.7
banknifty_option_contract,7/2/2022,12:32:00,69.55
banknifty_option_contract,7/2/2022,12:33:00,69.7
banknifty_option_contract,7/2/2022,12:34:00,69.6
banknifty_option_contract,7/2/2022,12:35:00,68.65
banknifty_option_contract,7/2/2022,12:36:00,66.3
banknifty_option_contract,7/2/2022,12:37:00,65.45
banknifty_option_contract,7/2/2022,12:38:00,61.1
banknifty_option_contract,7/2/2022,12:39:00,62.5
banknifty_option_contract,7/2/2022,12:40:00,62.4
banknifty_option_contract,7/2/2022,12:41:00,61.85
banknifty_option_contract,7/2/2022,12:42:00,62.1
banknifty_option_contract,7/2/2022,12:43:00,62.95
banknifty_option_contract,7/2/2022,12:44:00,63.85
banknifty_option_contract,7/2/2022,12:45:00,63.85
banknifty_option_contract,7/2/2022,12:46:00,62.9
banknifty_option_contract,7/2/2022,12:47:00,62
banknifty_option_contract,7/2/2022,12:48:00,62.8
banknifty_option_contract,7/2/2022,12:49:00,62.05
banknifty_option_contract,7/2/2022,12:50:00,62.95
banknifty_option_contract,7/2/2022,12:51:00,62.7
banknifty_option_contract,7/2/2022,12:52:00,62.55
banknifty_option_contract,7/2/2022,12:53:00,60.25
banknifty_option_contract,7/2/2022,12:54:00,58.5
banknifty_option_contract,7/2/2022,12:55:00,57.15
banknifty_option_contract,7/2/2022,12:56:00,57.45
banknifty_option_contract,7/2/2022,12:57:00,57.7
banknifty_option_contract,7/2/2022,12:58:00,59.75
banknifty_option_contract,7/2/2022,12:59:00,58.25
banknifty_option_contract,7/2/2022,13:00:00,57.3
banknifty_option_contract,7/2/2022,13:01:00,59.3
banknifty_option_contract,7/2/2022,13:02:00,59.65
banknifty_option_contract,7/2/2022,13:03:00,58.3
banknifty_option_contract,7/2/2022,13:04:00,57.95
banknifty_option_contract,7/2/2022,13:05:00,58.1
banknifty_option_contract,7/2/2022,13:06:00,57.5
banknifty_option_contract,7/2/2022,13:07:00,59
banknifty_option_contract,7/2/2022,13:08:00,57.95
banknifty_option_contract,7/2/2022,13:09:00,57.8
banknifty_option_contract,7/2/2022,13:10:00,59.15
banknifty_option_contract,7/2/2022,13:11:00,58.2
banknifty_option_contract,7/2/2022,13:12:00,57.3
banknifty_option_contract,7/2/2022,13:13:00,57.9
banknifty_option_contract,7/2/2022,13:14:00,56.95
banknifty_option_contract,7/2/2022,13:15:00,59.8
banknifty_option_contract,7/2/2022,13:16:00,59.55
banknifty_option_contract,7/2/2022,13:17:00,58.55
banknifty_option_contract,7/2/2022,13:18:00,56.85
banknifty_option_contract,7/2/2022,13:19:00,58.3
banknifty_option_contract,7/2/2022,13:20:00,58.2
banknifty_option_contract,7/2/2022,13:21:00,58.2
banknifty_option_contract,7/2/2022,13:22:00,58.55
banknifty_option_contract,7/2/2022,13:23:00,58.7
banknifty_option_contract,7/2/2022,13:24:00,57.9
banknifty_option_contract,7/2/2022,13:25:00,57
banknifty_option_contract,7/2/2022,13:26:00,57.05
banknifty_option_contract,7/2/2022,13:27:00,56.05
banknifty_option_contract,7/2/2022,13:28:00,56.5
banknifty_option_contract,7/2/2022,13:29:00,56.3
banknifty_option_contract,7/2/2022,13:30:00,56.1
banknifty_option_contract,7/2/2022,13:31:00,55
banknifty_option_contract,7/2/2022,13:32:00,54.45
banknifty_option_contract,7/2/2022,13:33:00,53.5
banknifty_option_contract,7/2/2022,13:34:00,52.65
banknifty_option_contract,7/2/2022,13:35:00,52.75
banknifty_option_contract,7/2/2022,13:36:00,53.35
banknifty_option_contract,7/2/2022,13:37:00,53.35
banknifty_option_contract,7/2/2022,13:38:00,53.55
banknifty_option_contract,7/2/2022,13:39:00,51.45
banknifty_option_contract,7/2/2022,13:40:00,53.3
banknifty_option_contract,7/2/2022,13:41:00,53.95
banknifty_option_contract,7/2/2022,13:42:00,54.85
banknifty_option_contract,7/2/2022,13:43:00,54.4
banknifty_option_contract,7/2/2022,13:44:00,52.8
banknifty_option_contract,7/2/2022,13:45:00,52.65
banknifty_option_contract,7/2/2022,13:46:00,53.35
banknifty_option_contract,7/2/2022,13:47:00,52.4
banknifty_option_contract,7/2/2022,13:48:00,52
banknifty_option_contract,7/2/2022,13:49:00,52.75
banknifty_option_contract,7/2/2022,13:50:00,52.2
banknifty_option_contract,7/2/2022,13:51:00,52
banknifty_option_contract,7/2/2022,13:52:00,51.8
banknifty_option_contract,7/2/2022,13:53:00,51
banknifty_option_contract,7/2/2022,13:54:00,48.65
banknifty_option_contract,7/2/2022,13:55:00,49.75
banknifty_option_contract,7/2/2022,13:56:00,49.9
banknifty_option_contract,7/2/2022,13:57:00,50.2
banknifty_option_contract,7/2/2022,13:58:00,48.95
banknifty_option_contract,7/2/2022,13:59:00,49.7
banknifty_option_contract,7/2/2022,14:00:00,51.2
banknifty_option_contract,7/2/2022,14:01:00,51.1
banknifty_option_contract,7/2/2022,14:02:00,50.85
banknifty_option_contract,7/2/2022,14:03:00,50.5
banknifty_option_contract,7/2/2022,14:04:00,51.3
banknifty_option_contract,7/2/2022,14:05:00,52.8
banknifty_option_contract,7/2/2022,14:06:00,52.5
banknifty_option_contract,7/2/2022,14:07:00,52.2
banknifty_option_contract,7/2/2022,14:08:00,52.65
banknifty_option_contract,7/2/2022,14:09:00,52.25
banknifty_option_contract,7/2/2022,14:10:00,52.85
banknifty_option_contract,7/2/2022,14:11:00,50.55
banknifty_option_contract,7/2/2022,14:12:00,52.15
banknifty_option_contract,7/2/2022,14:13:00,51.2
banknifty_option_contract,7/2/2022,14:14:00,50.9
banknifty_option_contract,7/2/2022,14:15:00,51.55
banknifty_option_contract,7/2/2022,14:16:00,51.2
banknifty_option_contract,7/2/2022,14:17:00,50.05
banknifty_option_contract,7/2/2022,14:18:00,49.7
banknifty_option_contract,7/2/2022,14:19:00,48.95
banknifty_option_contract,7/2/2022,14:20:00,48.6
banknifty_option_contract,7/2/2022,14:21:00,45.8
banknifty_option_contract,7/2/2022,14:22:00,46.8
banknifty_option_contract,7/2/2022,14:23:00,48.1
banknifty_option_contract,7/2/2022,14:24:00,48.2
banknifty_option_contract,7/2/2022,14:25:00,50.1
banknifty_option_contract,7/2/2022,14:26:00,51.1
banknifty_option_contract,7/2/2022,14:27:00,51.05
banknifty_option_contract,7/2/2022,14:28:00,49.45
banknifty_option_contract,7/2/2022,14:29:00,49.85
banknifty_option_contract,7/2/2022,14:30:00,50.65
banknifty_option_contract,7/2/2022,14:31:00,48.35
banknifty_option_contract,7/2/2022,14:32:00,48.05
banknifty_option_contract,7/2/2022,14:33:00,49.05
banknifty_option_contract,7/2/2022,14:34:00,48.3
banknifty_option_contract,7/2/2022,14:35:00,48.45
banknifty_option_contract,7/2/2022,14:36:00,47.5
banknifty_option_contract,7/2/2022,14:37:00,45.3
banknifty_option_contract,7/2/2022,14:38:00,46
banknifty_option_contract,7/2/2022,14:39:00,44.7
banknifty_option_contract,7/2/2022,14:40:00,43.5
banknifty_option_contract,7/2/2022,14:41:00,42.5
banknifty_option_contract,7/2/2022,14:42:00,41.5
banknifty_option_contract,7/2/2022,14:43:00,40.25
banknifty_option_contract,7/2/2022,14:44:00,39
banknifty_option_contract,7/2/2022,14:45:00,39.7
banknifty_option_contract,7/2/2022,14:46:00,41.1
banknifty_option_contract,7/2/2022,14:47:00,41.35
banknifty_option_contract,7/2/2022,14:48:00,41.75
banknifty_option_contract,7/2/2022,14:49:00,41.15
banknifty_option_contract,7/2/2022,14:50:00,41.9
banknifty_option_contract,7/2/2022,14:51:00,42.6
banknifty_option_contract,7/2/2022,14:52:00,43.05
banknifty_option_contract,7/2/2022,14:53:00,42.85
banknifty_option_contract,7/2/2022,14:54:00,42.9
banknifty_option_contract,7/2/2022,14:55:00,42.95
banknifty_option_contract,7/2/2022,14:56:00,41.85
banknifty_option_contract,7/2/2022,14:57:00,42.6
banknifty_option_contract,7/2/2022,14:58:00,43.6
banknifty_option_contract,7/2/2022,14:59:00,43.4
banknifty_option_contract,7/2/2022,15:00:00,44.75
banknifty_option_contract,7/2/2022,15:01:00,46.4
banknifty_option_contract,7/2/2022,15:02:00,47.5
banknifty_option_contract,7/2/2022,15:03:00,44.65
banknifty_option_contract,7/2/2022,15:04:00,45.7
banknifty_option_contract,7/2/2022,15:05:00,45.55
banknifty_option_contract,7/2/2022,15:06:00,46.8
banknifty_option_contract,7/2/2022,15:07:00,46.4
banknifty_option_contract,7/2/2022,15:08:00,45.8
banknifty_option_contract,7/2/2022,15:09:00,45.6
banknifty_option_contract,7/2/2022,15:10:00,44.2
banknifty_option_contract,7/2/2022,15:11:00,44.55
banknifty_option_contract,7/2/2022,15:12:00,44.75
banknifty_option_contract,7/2/2022,15:13:00,45.8
banknifty_option_contract,7/2/2022,15:14:00,44.4
banknifty_option_contract,7/2/2022,15:15:00,44.25
banknifty_option_contract,7/2/2022,15:16:00,44.25
banknifty_option_contract,7/2/2022,15:17:00,44.1
banknifty_option_contract,7/2/2022,15:18:00,43.8
banknifty_option_contract,7/2/2022,15:19:00,42.5
banknifty_option_contract,7/2/2022,15:20:00,43
banknifty_option_contract,7/2/2022,15:21:00,44.8
banknifty_option_contract,7/2/2022,15:22:00,45.6
banknifty_option_contract,7/2/2022,15:23:00,46.6
banknifty_option_contract,7/2/2022,15:24:00,45.35
banknifty_option_contract,7/2/2022,15:25:00,42.75
banknifty_option_contract,7/2/2022,15:26:00,42.75
banknifty_option_contract,7/2/2022,15:27:00,43.5
banknifty_option_contract,7/2/2022,15:28:00,42.75
banknifty_option_contract,7/2/2022,15:29:00,43.5
banknifty_option_contract,7/2/2022,15:30:00,42.55
